center_lat,center_lon,filename,state,index_right,ecoregion,biome
-18.21567800526202,-43.64976847606643,im_0000163072-0000186368_47_s2_20m_og.tif,Minas Gerais,23,Campos Rupestres montane savanna,7.0
-18.412948041654662,-43.713908187352565,im_0000163072-0000186368_26_s2_20m_og.tif,Minas Gerais,23,Campos Rupestres montane savanna,7.0
-18.482836970759166,-43.53882653847765,im_0000163072-0000186368_74_s2_20m_og.tif,Minas Gerais,23,Campos Rupestres montane savanna,7.0
-16.332988832804325,-44.62677617907481,im_0000139776-0000186368_27_s2_20m_og.tif,Minas Gerais,20,Cerrado,7.0
-16.43252216628477,-43.317122326356966,im_0000139776-0000186368_14_s2_20m_og.tif,Minas Gerais,20,Cerrado,7.0
-16.20929081818107,-44.39348369978897,im_0000139776-0000186368_19_s2_20m_og.tif,Minas Gerais,20,Cerrado,7.0
-16.138503573792455,-42.941536706066586,im_0000139776-0000186368_47_s2_20m_og.tif,Minas Gerais,20,Cerrado,7.0
-20.005481377341756,-47.87140115378614,im_0000186368-0000139776_72_s2_20m_og.tif,Minas Gerais,20,Cerrado,7.0
-15.923177400189006,-42.10781029087527,im_0000139776-0000209664_54_s2_20m_og.tif,Minas Gerais,20,Cerrado,7.0
-19.782160197709644,-48.35056252633546,im_0000186368-0000139776_31_s2_20m_og.tif,Minas Gerais,20,Cerrado,7.0
-19.870823916252238,-46.32054964728218,im_0000186368-0000163072_47_s2_20m_og.tif,Minas Gerais,20,Cerrado,7.0
-20.074292328105308,-48.94021667883152,im_0000186368-0000139776_70_s2_20m_og.tif,Minas Gerais,20,Cerrado,7.0
-16.578498399954192,-46.97497233176325,im_0000139776-0000163072_60_s2_20m_og.tif,Minas Gerais,20,Cerrado,7.0
-17.441420061879402,-47.40930777163503,im_0000163072-0000139776_38_s2_20m_og.tif,Minas Gerais,20,Cerrado,7.0
-17.387071987190172,-42.51061486427446,im_0000163072-0000209664_14_s2_20m_og.tif,Minas Gerais,20,Cerrado,7.0
-17.517687029501147,-47.293694594568855,im_0000163072-0000139776_63_s2_20m_og.tif,Minas Gerais,20,Cerrado,7.0
-20.44835081241268,-46.755154581739205,im_0000186368-0000163072_40_s2_20m_og.tif,Minas Gerais,20,Cerrado,7.0
-19.962721569817667,-45.220113424235755,im_0000186368-0000163072_37_s2_20m_og.tif,Minas Gerais,20,Cerrado,7.0
-16.360387448969973,-45.292337973078965,im_0000139776-0000163072_31_s2_20m_og.tif,Minas Gerais,20,Cerrado,7.0
-20.214699007013195,-48.912997725722704,im_0000186368-0000139776_42_s2_20m_og.tif,Minas Gerais,20,Cerrado,7.0
-16.54651837583954,-42.726300363991534,im_0000139776-0000209664_20_s2_20m_og.tif,Minas Gerais,20,Cerrado,7.0
-19.29940556402381,-49.83008779928031,im_0000186368-0000116480_61_s2_20m_og.tif,Minas Gerais,20,Cerrado,7.0
-18.27604479235485,-46.53866059826639,im_0000163072-0000163072_65_s2_20m_og.tif,Minas Gerais,20,Cerrado,7.0
-14.719973908639314,-45.016285686269036,im_0000116480-0000163072_71_s2_20m_og.tif,Minas Gerais,20,Cerrado,7.0
-18.531076501516388,-44.8048222683873,im_0000163072-0000186368_7_s2_20m_og.tif,Minas Gerais,20,Cerrado,7.0
-19.15980736887164,-46.18831763745978,im_0000186368-0000163072_65_s2_20m_og.tif,Minas Gerais,20,Cerrado,7.0
-19.98248450606829,-48.785796281491365,im_0000186368-0000139776_40_s2_20m_og.tif,Minas Gerais,20,Cerrado,7.0
-20.499285289022254,-46.00694778159604,im_0000186368-0000163072_10_s2_20m_og.tif,Minas Gerais,20,Cerrado,7.0
-19.377828488327445,-46.583935688586024,im_0000186368-0000163072_11_s2_20m_og.tif,Minas Gerais,20,Cerrado,7.0
-17.393629688764243,-44.47316426549037,im_0000163072-0000186368_69_s2_20m_og.tif,Minas Gerais,20,Cerrado,7.0
-19.104201652784642,-50.214207414769824,im_0000186368-0000116480_34_s2_20m_og.tif,Minas Gerais,20,Cerrado,7.0
-19.386272651998173,-45.50056745593788,im_0000186368-0000163072_13_s2_20m_og.tif,Minas Gerais,20,Cerrado,7.0
-19.45167000468207,-45.13360566237505,im_0000186368-0000163072_6_s2_20m_og.tif,Minas Gerais,20,Cerrado,7.0
-19.36336561225312,-47.928084848214034,im_0000186368-0000139776_49_s2_20m_og.tif,Minas Gerais,20,Cerrado,7.0
-15.692220540641875,-45.207087852616034,im_0000139776-0000163072_42_s2_20m_og.tif,Minas Gerais,20,Cerrado,7.0
-16.465580168740367,-45.90067708348471,im_0000139776-0000163072_52_s2_20m_og.tif,Minas Gerais,20,Cerrado,7.0
-19.97682511977834,-45.405166372764384,im_0000186368-0000163072_0_s2_20m_og.tif,Minas Gerais,20,Cerrado,7.0
-17.054964826651187,-45.991227264123964,im_0000163072-0000163072_29_s2_20m_og.tif,Minas Gerais,20,Cerrado,7.0
-18.572129510000643,-44.89025205190707,im_0000163072-0000186368_50_s2_20m_og.tif,Minas Gerais,20,Cerrado,7.0
-16.119010132127055,-45.997066313470725,im_0000139776-0000163072_56_s2_20m_og.tif,Minas Gerais,20,Cerrado,7.0
-19.460114168352803,-47.38927534079916,im_0000186368-0000139776_8_s2_20m_og.tif,Minas Gerais,20,Cerrado,7.0
-19.943497622737514,-48.17431306759122,im_0000186368-0000139776_7_s2_20m_og.tif,Minas Gerais,20,Cerrado,7.0
-16.875840758997754,-44.154442002684775,im_0000139776-0000186368_38_s2_20m_og.tif,Minas Gerais,20,Cerrado,7.0
-15.874039554147663,-45.53919501315502,im_0000139776-0000163072_8_s2_20m_og.tif,Minas Gerais,20,Cerrado,7.0
-18.733736429613746,-48.44389748435548,im_0000163072-0000139776_33_s2_20m_og.tif,Minas Gerais,20,Cerrado,7.0
-16.629792202677418,-42.21300301064565,im_0000139776-0000209664_31_s2_20m_og.tif,Minas Gerais,20,Cerrado,7.0
-16.39991332147123,-46.55968117591479,im_0000139776-0000163072_39_s2_20m_og.tif,Minas Gerais,20,Cerrado,7.0
-19.243260858766337,-48.212311804109476,im_0000186368-0000139776_18_s2_20m_og.tif,Minas Gerais,20,Cerrado,7.0
-15.260490215094032,-45.08231185965181,im_0000139776-0000163072_23_s2_20m_og.tif,Minas Gerais,20,Cerrado,7.0
-16.392906462255098,-46.55653707242036,im_0000139776-0000163072_73_s2_20m_og.tif,Minas Gerais,20,Cerrado,7.0
-20.3425292719434,-46.545667457482516,im_0000186368-0000163072_16_s2_20m_og.tif,Minas Gerais,20,Cerrado,7.0
-16.027292141618453,-46.44945789055332,im_0000139776-0000163072_48_s2_20m_og.tif,Minas Gerais,20,Cerrado,7.0
-19.38932692396417,-48.965369506786864,im_0000186368-0000139776_58_s2_20m_og.tif,Minas Gerais,20,Cerrado,7.0
-19.511587634132844,-43.60476288033203,im_0000186368-0000186368_47_s2_20m_og.tif,Minas Gerais,20,Cerrado,7.0
-17.104282335749346,-46.69442846853271,im_0000163072-0000163072_8_s2_20m_og.tif,Minas Gerais,20,Cerrado,7.0
-11.168394601344378,-50.72597763213271,im_0000093184-0000116480_47_s2_20m_og.tif,Mato Grosso,20,Cerrado,7.0
-11.58179929509618,-59.3436958157481,im_0000093184-0000023296_56_s2_20m_og.tif,Mato Grosso,20,Cerrado,7.0
-12.721132569944967,-57.94573757060131,im_0000093184-0000023296_8_s2_20m_og.tif,Mato Grosso,20,Cerrado,7.0
-14.375649660236304,-58.87225995464219,im_0000116480-0000023296_69_s2_20m_og.tif,Mato Grosso,20,Cerrado,7.0
-14.168138829604695,-53.5458791405123,im_0000116480-0000069888_16_s2_20m_og.tif,Mato Grosso,20,Cerrado,7.0
-14.775489793197904,-51.81689171316746,im_0000116480-0000093184_32_s2_20m_og.tif,Mato Grosso,20,Cerrado,7.0
-13.83162992417352,-59.24595911283589,im_0000116480-0000023296_6_s2_20m_og.tif,Mato Grosso,20,Cerrado,7.0
-14.741443643929772,-55.929199420809816,im_0000116480-0000046592_42_s2_20m_og.tif,Mato Grosso,20,Cerrado,7.0
-13.573813437631214,-55.93467914404293,im_0000116480-0000046592_37_s2_20m_og.tif,Mato Grosso,20,Cerrado,7.0
-12.100576371675205,-58.92373342042224,im_0000093184-0000023296_4_s2_20m_og.tif,Mato Grosso,20,Cerrado,7.0
-15.352298037131044,-53.73353720336486,im_0000139776-0000069888_10_s2_20m_og.tif,Mato Grosso,20,Cerrado,7.0
-16.593949422841042,-53.029078357558326,im_0000139776-0000093184_76_s2_20m_og.tif,Mato Grosso,20,Cerrado,7.0
-14.243776976527554,-56.3507787836471,im_0000116480-0000046592_27_s2_20m_og.tif,Mato Grosso,20,Cerrado,7.0
-16.229592743602172,-54.750340273459756,im_0000139776-0000069888_72_s2_20m_og.tif,Mato Grosso,20,Cerrado,7.0
-12.494218129176376,-58.69627999048318,im_0000093184-0000023296_25_s2_20m_og.tif,Mato Grosso,20,Cerrado,7.0
-14.444280947943033,-58.69852577869346,im_0000116480-0000023296_64_s2_20m_og.tif,Mato Grosso,20,Cerrado,7.0
-14.48416614655794,-54.260578780557786,im_0000116480-0000069888_67_s2_20m_og.tif,Mato Grosso,20,Cerrado,7.0
-14.498718854160677,-53.63993275075961,im_0000116480-0000069888_18_s2_20m_og.tif,Mato Grosso,20,Cerrado,7.0
-15.156824631306641,-52.98811518060249,im_0000139776-0000093184_14_s2_20m_og.tif,Mato Grosso,20,Cerrado,7.0
-14.005274268593825,-52.94742149823186,im_0000116480-0000093184_35_s2_20m_og.tif,Mato Grosso,20,Cerrado,7.0
-14.204700261668355,-58.83399172353869,im_0000116480-0000023296_62_s2_20m_og.tif,Mato Grosso,20,Cerrado,7.0
-14.042554352884785,-55.0363638599234,im_0000116480-0000069888_2_s2_20m_og.tif,Mato Grosso,20,Cerrado,7.0
-15.293548217549635,-54.71494665126545,im_0000139776-0000069888_25_s2_20m_og.tif,Mato Grosso,20,Cerrado,7.0
-12.965653990282302,-55.759866989753284,im_0000116480-0000046592_43_s2_20m_og.tif,Mato Grosso,20,Cerrado,7.0
-14.6199015859884,-51.24735982303568,im_0000116480-0000093184_59_s2_20m_og.tif,Mato Grosso,20,Cerrado,7.0
-12.69813569867151,-56.309815606691245,im_0000093184-0000046592_75_s2_20m_og.tif,Mato Grosso,20,Cerrado,7.0
-15.248093464173186,-52.24035753810141,im_0000139776-0000093184_15_s2_20m_og.tif,Mato Grosso,20,Cerrado,7.0
-15.25617830173026,-53.873315061573855,im_0000139776-0000069888_37_s2_20m_og.tif,Mato Grosso,20,Cerrado,7.0
-13.590611933444253,-57.103297497154024,im_0000116480-0000046592_68_s2_20m_og.tif,Mato Grosso,20,Cerrado,7.0
-12.689871198057606,-51.573268608114255,im_0000093184-0000093184_46_s2_20m_og.tif,Mato Grosso,20,Cerrado,7.0
-17.195102010973834,-54.43143834759732,im_0000163072-0000069888_35_s2_20m_og.tif,Mato Grosso,20,Cerrado,7.0
-13.507966927305255,-56.72447794184082,im_0000116480-0000046592_76_s2_20m_og.tif,Mato Grosso,20,Cerrado,7.0
-15.612090817298412,-53.23443323150806,im_0000139776-0000093184_21_s2_20m_og.tif,Mato Grosso,20,Cerrado,7.0
-15.082983114952016,-51.63399472132072,im_0000139776-0000093184_73_s2_20m_og.tif,Mato Grosso,20,Cerrado,7.0
-17.336047679052186,-55.47806548512497,im_0000163072-0000046592_32_s2_20m_og.tif,Mato Grosso,20,Cerrado,7.0
-13.645409165775545,-53.44670513314551,im_0000116480-0000069888_52_s2_20m_og.tif,Mato Grosso,20,Cerrado,7.0
-13.067433111973045,-58.46783841373159,im_0000116480-0000023296_61_s2_20m_og.tif,Mato Grosso,20,Cerrado,7.0
-17.09485002526609,-54.57534845611328,im_0000163072-0000069888_53_s2_20m_og.tif,Mato Grosso,20,Cerrado,7.0
-12.564646047451347,-51.03859135100632,im_0000093184-0000116480_38_s2_20m_og.tif,Mato Grosso,20,Cerrado,7.0
-14.094746470892124,-54.026567649044644,im_0000116480-0000069888_23_s2_20m_og.tif,Mato Grosso,20,Cerrado,7.0
-11.037869390561807,-51.31626060532764,im_0000093184-0000093184_73_s2_20m_og.tif,Mato Grosso,20,Cerrado,7.0
-14.160143823576028,-54.841698937854716,im_0000116480-0000069888_25_s2_20m_og.tif,Mato Grosso,20,Cerrado,7.0
-15.915092562631926,-52.28302751409707,im_0000139776-0000093184_40_s2_20m_og.tif,Mato Grosso,20,Cerrado,7.0
-14.632028842324017,-58.40387836550225,im_0000116480-0000023296_15_s2_20m_og.tif,Mato Grosso,20,Cerrado,7.0
-14.48416614655794,-55.15727709716589,im_0000116480-0000069888_1_s2_20m_og.tif,Mato Grosso,20,Cerrado,7.0
-14.076510670624506,-59.326448162293026,im_0000116480-0000023296_34_s2_20m_og.tif,Mato Grosso,20,Cerrado,7.0
-15.447070299605654,-55.95201662902643,im_0000139776-0000046592_41_s2_20m_og.tif,Mato Grosso,20,Cerrado,7.0
-14.93044917970852,-52.07210308538582,im_0000139776-0000093184_46_s2_20m_og.tif,Mato Grosso,20,Cerrado,7.0
-13.049107480177007,-58.30209924381154,im_0000116480-0000023296_41_s2_20m_og.tif,Mato Grosso,20,Cerrado,7.0
-13.400528419324562,-56.026576797608364,im_0000116480-0000046592_1_s2_20m_og.tif,Mato Grosso,20,Cerrado,7.0
-15.024143463842185,-54.28447396711537,im_0000139776-0000069888_63_s2_20m_og.tif,Mato Grosso,20,Cerrado,7.0
-13.574621921386926,-56.77235814648439,im_0000116480-0000046592_48_s2_20m_og.tif,Mato Grosso,20,Cerrado,7.0
-17.167883057865012,-55.05154538822504,im_0000163072-0000069888_40_s2_20m_og.tif,Mato Grosso,20,Cerrado,7.0
-14.06986313752202,-52.472122881404246,im_0000116480-0000093184_13_s2_20m_og.tif,Mato Grosso,20,Cerrado,7.0
-15.541303572909793,-52.43825639519294,im_0000139776-0000093184_32_s2_20m_og.tif,Mato Grosso,20,Cerrado,7.0
-16.639853333859556,-54.961983354398306,im_0000139776-0000069888_42_s2_20m_og.tif,Mato Grosso,20,Cerrado,7.0
-13.494132871929814,-57.22816332164663,im_0000116480-0000046592_73_s2_20m_og.tif,Mato Grosso,20,Cerrado,7.0
-16.180005739918776,-54.019470958300104,im_0000139776-0000069888_53_s2_20m_og.tif,Mato Grosso,20,Cerrado,7.0
-12.044252003360908,-58.4867928662265,im_0000093184-0000023296_53_s2_20m_og.tif,Mato Grosso,20,Cerrado,7.0
-11.76361830860197,-58.593333058923065,im_0000093184-0000023296_35_s2_20m_og.tif,Mato Grosso,20,Cerrado,7.0
-12.323268730608433,-55.836672946545505,im_0000093184-0000046592_36_s2_20m_og.tif,Mato Grosso,20,Cerrado,7.0
-14.818249600721991,-54.01075730004415,im_0000116480-0000069888_47_s2_20m_og.tif,Mato Grosso,20,Cerrado,7.0
-14.03123558030488,-52.021977092531955,im_0000116480-0000093184_64_s2_20m_og.tif,Mato Grosso,20,Cerrado,7.0
-13.920024148130882,-58.11992090419209,im_0000116480-0000023296_24_s2_20m_og.tif,Mato Grosso,20,Cerrado,7.0
-13.759674869915548,-53.39747745557575,im_0000116480-0000069888_66_s2_20m_og.tif,Mato Grosso,20,Cerrado,7.0
-15.04184027493934,-56.10733534165072,im_0000139776-0000046592_23_s2_20m_og.tif,Mato Grosso,20,Cerrado,7.0
-15.785286004076655,-58.54563251733633,im_0000139776-0000023296_4_s2_20m_og.tif,Mato Grosso,20,Cerrado,7.0
-13.897027276857422,-51.79883557595666,im_0000116480-0000093184_8_s2_20m_og.tif,Mato Grosso,20,Cerrado,7.0
-15.39065609976295,-54.512107060111255,im_0000139776-0000069888_74_s2_20m_og.tif,Mato Grosso,20,Cerrado,7.0
-12.901514278996167,-51.50876957071446,im_0000116480-0000093184_17_s2_20m_og.tif,Mato Grosso,20,Cerrado,7.0
-14.266234858630545,-59.45975815045635,im_0000116480-0000023296_23_s2_20m_og.tif,Mato Grosso,20,Cerrado,7.0
-16.896412179004095,-53.803246469412535,im_0000139776-0000069888_8_s2_20m_og.tif,Mato Grosso,20,Cerrado,7.0
-16.843411577241046,-53.72464388205208,im_0000139776-0000069888_9_s2_20m_og.tif,Mato Grosso,20,Cerrado,7.0
-10.363324443716461,-51.02394881187515,im_0000069888-0000116480_50_s2_20m_og.tif,Mato Grosso,20,Cerrado,7.0
-12.556381546837445,-50.76173058044068,im_0000093184-0000116480_13_s2_20m_og.tif,Mato Grosso,20,Cerrado,7.0
-12.899627816899516,-50.934027451934796,im_0000116480-0000116480_63_s2_20m_og.tif,Mato Grosso,20,Cerrado,7.0
-13.685114701333628,-55.922102730065276,im_0000116480-0000046592_34_s2_20m_og.tif,Mato Grosso,20,Cerrado,7.0
-15.846910432567256,-54.36226807072013,im_0000139776-0000069888_47_s2_20m_og.tif,Mato Grosso,20,Cerrado,7.0
-15.38041530552399,-53.740274567995776,im_0000139776-0000069888_16_s2_20m_og.tif,Mato Grosso,20,Cerrado,7.0
-15.91212812219433,-59.25206765676792,im_0000139776-0000023296_74_s2_20m_og.tif,Mato Grosso,20,Cerrado,7.0
-13.158432450254352,-56.091524992650214,im_0000116480-0000046592_28_s2_20m_og.tif,Mato Grosso,20,Cerrado,7.0
-16.75205291284609,-54.670390213173114,im_0000139776-0000069888_68_s2_20m_og.tif,Mato Grosso,20,Cerrado,7.0
-13.697331789197653,-51.7916490536837,im_0000116480-0000093184_21_s2_20m_og.tif,Mato Grosso,20,Cerrado,7.0
-14.31070146519446,-59.15882253027631,im_0000116480-0000023296_14_s2_20m_og.tif,Mato Grosso,20,Cerrado,7.0
-14.458204834846887,-52.991708441738965,im_0000116480-0000093184_58_s2_20m_og.tif,Mato Grosso,20,Cerrado,7.0
-13.215026313153881,-51.57928732051786,im_0000116480-0000093184_39_s2_20m_og.tif,Mato Grosso,20,Cerrado,7.0
-13.839265604088535,-56.09817252575269,im_0000116480-0000046592_70_s2_20m_og.tif,Mato Grosso,20,Cerrado,7.0
-15.178204535068685,-55.76435856617389,im_0000139776-0000046592_34_s2_20m_og.tif,Mato Grosso,20,Cerrado,7.0
-12.242420355037675,-50.03984441812222,im_0000093184-0000116480_0_s2_20m_og.tif,Tocantins,20,Cerrado,7.0
-10.406263914297373,-47.95467498062399,im_0000069888-0000139776_51_s2_20m_og.tif,Tocantins,20,Cerrado,7.0
-12.508321679137053,-47.86583159902456,im_0000093184-0000139776_18_s2_20m_og.tif,Tocantins,20,Cerrado,7.0
-11.252476911937961,-47.132626664126214,im_0000093184-0000139776_71_s2_20m_og.tif,Tocantins,20,Cerrado,7.0
-9.773580459691994,-48.22668484865539,im_0000069888-0000139776_23_s2_20m_og.tif,Tocantins,20,Cerrado,7.0
-11.97526138954053,-47.130470707444324,im_0000093184-0000139776_69_s2_20m_og.tif,Tocantins,20,Cerrado,7.0
-8.394846161625349,-49.29747666732585,im_0000046592-0000116480_75_s2_20m_og.tif,Tocantins,20,Cerrado,7.0
-12.255895084299464,-49.9651944180119,im_0000093184-0000116480_67_s2_20m_og.tif,Tocantins,20,Cerrado,7.0
-7.946676666378122,-48.193447183142965,im_0000046592-0000139776_3_s2_20m_og.tif,Tocantins,20,Cerrado,7.0
-11.059249294323852,-47.2461737160389,im_0000093184-0000139776_70_s2_20m_og.tif,Tocantins,20,Cerrado,7.0
-11.419024565613725,-50.54829086893389,im_0000093184-0000116480_33_s2_20m_og.tif,Tocantins,20,Cerrado,7.0
-11.421000859238784,-49.643058557126636,im_0000093184-0000116480_21_s2_20m_og.tif,Tocantins,20,Cerrado,7.0
-11.733973904226026,-46.37983845603407,im_0000093184-0000163072_65_s2_20m_og.tif,Tocantins,20,Cerrado,7.0
-8.466352058241265,-47.25425855359599,im_0000046592-0000139776_51_s2_20m_og.tif,Tocantins,20,Cerrado,7.0
-11.407256635391755,-49.47722955567816,im_0000093184-0000116480_37_s2_20m_og.tif,Tocantins,20,Cerrado,7.0
-11.858480402604993,-47.65742245310884,im_0000093184-0000139776_56_s2_20m_og.tif,Tocantins,20,Cerrado,7.0
-9.717256091377699,-47.230722693152074,im_0000069888-0000139776_66_s2_20m_og.tif,Tocantins,20,Cerrado,7.0
-12.80269959774302,-47.262433222681494,im_0000116480-0000139776_17_s2_20m_og.tif,Tocantins,20,Cerrado,7.0
-11.199745804760148,-49.237918363988726,im_0000093184-0000116480_49_s2_20m_og.tif,Tocantins,20,Cerrado,7.0
-10.782388523758216,-47.61520163475521,im_0000093184-0000139776_52_s2_20m_og.tif,Tocantins,20,Cerrado,7.0
-10.926208800745751,-46.374718058914574,im_0000093184-0000163072_11_s2_20m_og.tif,Tocantins,20,Cerrado,7.0
-9.707823780894444,-49.281845981382176,im_0000069888-0000116480_39_s2_20m_og.tif,Tocantins,20,Cerrado,7.0
-10.846528235044348,-48.0321097581151,im_0000093184-0000139776_15_s2_20m_og.tif,Tocantins,20,Cerrado,7.0
-9.493306091046703,-47.74905061208902,im_0000069888-0000139776_79_s2_20m_og.tif,Tocantins,20,Cerrado,7.0
-9.869340868979137,-46.71913213884601,im_0000069888-0000163072_39_s2_20m_og.tif,Tocantins,20,Cerrado,7.0
-9.25570169839709,-49.40805927880096,im_0000069888-0000116480_77_s2_20m_og.tif,Tocantins,20,Cerrado,7.0
-8.65427961567907,-48.035523356194744,im_0000069888-0000139776_57_s2_20m_og.tif,Tocantins,20,Cerrado,7.0
-10.792539486468769,-49.494926366775324,im_0000093184-0000116480_56_s2_20m_og.tif,Tocantins,20,Cerrado,7.0
-12.722210548285911,-47.19461041873046,im_0000093184-0000139776_40_s2_20m_og.tif,Tocantins,20,Cerrado,7.0
-11.18016253156634,-48.43536348915636,im_0000093184-0000139776_8_s2_20m_og.tif,Tocantins,20,Cerrado,7.0
-9.854967824433224,-47.197305364582824,im_0000069888-0000139776_28_s2_20m_og.tif,Tocantins,20,Cerrado,7.0
-8.31148250325906,-47.34211378838289,im_0000046592-0000139776_15_s2_20m_og.tif,Tocantins,20,Cerrado,7.0
-9.5286098817126,-47.05788683248747,im_0000069888-0000139776_44_s2_20m_og.tif,Tocantins,20,Cerrado,7.0
-9.074960663232241,-49.73486637916365,im_0000069888-0000116480_31_s2_20m_og.tif,Tocantins,20,Cerrado,7.0
-13.072643340620935,-47.68832449888257,im_0000116480-0000139776_20_s2_20m_og.tif,Tocantins,20,Cerrado,7.0
-11.527451220406947,-47.317230455012776,im_0000093184-0000139776_53_s2_20m_og.tif,Tocantins,20,Cerrado,7.0
-11.452262231126143,-50.66597017115354,im_0000093184-0000116480_8_s2_20m_og.tif,Tocantins,20,Cerrado,7.0
-20.49677000622672,-52.912117707565976,im_0000186368-0000093184_5_s2_20m_og.tif,Mato Grosso do Sul,20,Cerrado,7.0
-20.53387042746085,-55.72635982965561,im_0000186368-0000046592_53_s2_20m_og.tif,Mato Grosso do Sul,20,Cerrado,7.0
-20.51159220841469,-52.0456926160327,im_0000186368-0000093184_54_s2_20m_og.tif,Mato Grosso do Sul,20,Cerrado,7.0
-20.17095105267657,-55.6119144624588,im_0000186368-0000046592_0_s2_20m_og.tif,Mato Grosso do Sul,20,Cerrado,7.0
-22.1628753636832,-57.18522385106573,im_0000209664-0000046592_55_s2_20m_og.tif,Mato Grosso do Sul,20,Cerrado,7.0
-19.764283723555664,-52.08414051019302,im_0000186368-0000093184_18_s2_20m_og.tif,Mato Grosso do Sul,20,Cerrado,7.0
-21.77642012845498,-54.98201578523418,im_0000209664-0000069888_22_s2_20m_og.tif,Mato Grosso do Sul,20,Cerrado,7.0
-21.615801355654405,-52.253383109721135,im_0000209664-0000093184_74_s2_20m_og.tif,Mato Grosso do Sul,20,Cerrado,7.0
-21.581485711801037,-55.70480026283674,im_0000209664-0000046592_44_s2_20m_og.tif,Mato Grosso do Sul,20,Cerrado,7.0
-19.718200149480328,-53.6684093452662,im_0000186368-0000069888_30_s2_20m_og.tif,Mato Grosso do Sul,20,Cerrado,7.0
-19.00197337345184,-53.1895174673021,im_0000163072-0000093184_60_s2_20m_og.tif,Mato Grosso do Sul,20,Cerrado,7.0
-21.57393986341444,-54.04094069359057,im_0000209664-0000069888_45_s2_20m_og.tif,Mato Grosso do Sul,20,Cerrado,7.0
-18.279458390434502,-53.991892679077644,im_0000163072-0000069888_59_s2_20m_og.tif,Mato Grosso do Sul,20,Cerrado,7.0
-21.280100933978947,-53.693921499335204,im_0000209664-0000069888_1_s2_20m_og.tif,Mato Grosso do Sul,20,Cerrado,7.0
-19.9239143495437,-51.663010304997776,im_0000186368-0000093184_49_s2_20m_og.tif,Mato Grosso do Sul,20,Cerrado,7.0
-22.203928372167464,-55.79265549762364,im_0000209664-0000046592_21_s2_20m_og.tif,Mato Grosso do Sul,20,Cerrado,7.0
-19.191068740759,-51.85722606942443,im_0000186368-0000093184_11_s2_20m_og.tif,Mato Grosso do Sul,20,Cerrado,7.0
-18.944121869154536,-52.62321951219314,im_0000163072-0000093184_24_s2_20m_og.tif,Mato Grosso do Sul,20,Cerrado,7.0
-18.015533359960195,-53.7533001396155,im_0000163072-0000069888_62_s2_20m_og.tif,Mato Grosso do Sul,20,Cerrado,7.0
-19.563600089083366,-54.3357677698386,im_0000186368-0000069888_78_s2_20m_og.tif,Mato Grosso do Sul,20,Cerrado,7.0
-20.0223697046832,-56.89138492163022,im_0000186368-0000046592_68_s2_20m_og.tif,Mato Grosso do Sul,20,Cerrado,7.0
-20.887716817875532,-52.145675107155206,im_0000186368-0000093184_15_s2_20m_og.tif,Mato Grosso do Sul,20,Cerrado,7.0
-20.565940283103927,-52.5687816059755,im_0000186368-0000093184_36_s2_20m_og.tif,Mato Grosso do Sul,20,Cerrado,7.0
-19.91151759862285,-54.31043527882642,im_0000186368-0000069888_13_s2_20m_og.tif,Mato Grosso do Sul,20,Cerrado,7.0
-20.7198216912736,-52.019371978208,im_0000186368-0000093184_70_s2_20m_og.tif,Mato Grosso do Sul,20,Cerrado,7.0
-20.295906708697604,-55.18108245219507,im_0000186368-0000069888_76_s2_20m_og.tif,Mato Grosso do Sul,20,Cerrado,7.0
-20.197990342728566,-54.717192439475745,im_0000186368-0000069888_36_s2_20m_og.tif,Mato Grosso do Sul,20,Cerrado,7.0
-19.06808937836304,-52.914094001191046,im_0000186368-0000093184_12_s2_20m_og.tif,Mato Grosso do Sul,20,Cerrado,7.0
-19.569349306901728,-55.036274028395006,im_0000186368-0000069888_58_s2_20m_og.tif,Mato Grosso do Sul,20,Cerrado,7.0
-19.788178910113245,-55.0775066999361,im_0000186368-0000069888_48_s2_20m_og.tif,Mato Grosso do Sul,20,Cerrado,7.0
-17.78888841377684,-54.035730464942674,im_0000163072-0000069888_47_s2_20m_og.tif,Mato Grosso do Sul,20,Cerrado,7.0
-21.046538960107867,-51.887139968385604,im_0000186368-0000093184_44_s2_20m_og.tif,Mato Grosso do Sul,20,Cerrado,7.0
-20.835524699868195,-56.992625054150494,im_0000186368-0000046592_48_s2_20m_og.tif,Mato Grosso do Sul,20,Cerrado,7.0
-20.848640103016336,-56.853116690526726,im_0000186368-0000046592_3_s2_20m_og.tif,Mato Grosso do Sul,20,Cerrado,7.0
-20.182179993728067,-53.81995513369718,im_0000186368-0000069888_60_s2_20m_og.tif,Mato Grosso do Sul,20,Cerrado,7.0
-20.241109476366304,-54.032316866863034,im_0000186368-0000069888_57_s2_20m_og.tif,Mato Grosso do Sul,20,Cerrado,7.0
-18.522812000902483,-54.039862715249605,im_0000163072-0000069888_55_s2_20m_og.tif,Mato Grosso do Sul,20,Cerrado,7.0
-20.26976573392972,-51.75149436048356,im_0000186368-0000093184_22_s2_20m_og.tif,Mato Grosso do Sul,20,Cerrado,7.0
-18.827879871389467,-52.95020627561264,im_0000163072-0000093184_49_s2_20m_og.tif,Mato Grosso do Sul,20,Cerrado,7.0
-17.58146741467364,-53.80908551875932,im_0000163072-0000069888_65_s2_20m_og.tif,Mato Grosso do Sul,20,Cerrado,7.0
-19.39525580483937,-53.98731127112863,im_0000186368-0000069888_7_s2_20m_og.tif,Mato Grosso do Sul,20,Cerrado,7.0
-21.33750328063418,-53.406640271473776,im_0000209664-0000069888_24_s2_20m_og.tif,Mato Grosso do Sul,20,Cerrado,7.0
-20.55471134205243,-52.90250573402589,im_0000186368-0000093184_48_s2_20m_og.tif,Mato Grosso do Sul,20,Cerrado,7.0
-21.077620668938412,-54.494769575127755,im_0000186368-0000069888_32_s2_20m_og.tif,Mato Grosso do Sul,20,Cerrado,7.0
-20.006020366512228,-53.917602005080965,im_0000186368-0000069888_52_s2_20m_og.tif,Mato Grosso do Sul,20,Cerrado,7.0
-10.465822217634496,-45.135222629886464,im_0000069888-0000163072_18_s2_20m_og.tif,Piaue,20,Cerrado,7.0
-7.335552778591612,-44.033618596970705,im_0000046592-0000186368_23_s2_20m_og.tif,Piaue,20,Cerrado,7.0
-10.518553324812313,-44.59695211164205,im_0000069888-0000186368_57_s2_20m_og.tif,Piaue,20,Cerrado,7.0
-7.574055486525344,-45.003080451592474,im_0000046592-0000163072_56_s2_20m_og.tif,Piaue,20,Cerrado,7.0
-9.253725404772029,-45.281198863555886,im_0000069888-0000163072_16_s2_20m_og.tif,Piaue,20,Cerrado,7.0
-8.364932262664171,-44.20025608217487,im_0000046592-0000186368_49_s2_20m_og.tif,Piaue,20,Cerrado,7.0
-7.870499530284787,-45.24616456747521,im_0000046592-0000163072_21_s2_20m_og.tif,Piaue,20,Cerrado,7.0
-8.739709399198835,-44.30904206308175,im_0000069888-0000186368_3_s2_20m_og.tif,Piaue,20,Cerrado,7.0
-9.832869268443881,-45.55895794940564,im_0000069888-0000163072_56_s2_20m_og.tif,Piaue,20,Cerrado,7.0
-10.300711868413329,-45.00963815316655,im_0000069888-0000163072_40_s2_20m_og.tif,Piaue,20,Cerrado,7.0
-9.516302962320164,-44.9100149881577,im_0000069888-0000186368_2_s2_20m_og.tif,Piaue,20,Cerrado,7.0
-9.865567944785832,-45.047726721213216,im_0000069888-0000163072_4_s2_20m_og.tif,Piaue,20,Cerrado,7.0
-10.360898992449336,-45.35252509711497,im_0000069888-0000163072_17_s2_20m_og.tif,Piaue,20,Cerrado,7.0
-8.74312299727849,-45.641872450129874,im_0000069888-0000163072_9_s2_20m_og.tif,Piaue,20,Cerrado,7.0
-8.13936529482176,-44.099285444239825,im_0000046592-0000186368_68_s2_20m_og.tif,Piaue,20,Cerrado,7.0
-7.7992631282541085,-45.18391131828575,im_0000046592-0000163072_29_s2_20m_og.tif,Piaue,20,Cerrado,7.0
-8.951082985552159,-44.47729651579732,im_0000069888-0000186368_22_s2_20m_og.tif,Piaue,20,Cerrado,7.0
-9.080081060351725,-44.88423333950347,im_0000069888-0000186368_70_s2_20m_og.tif,Piaue,20,Cerrado,7.0
-8.7927998324903,-44.50640193100279,im_0000069888-0000186368_26_s2_20m_og.tif,Piaue,20,Cerrado,7.0
-10.68815525045408,-44.80473243685889,im_0000093184-0000186368_9_s2_20m_og.tif,Piaue,20,Cerrado,7.0
-8.47344874898581,-44.56012118499315,im_0000046592-0000186368_76_s2_20m_og.tif,Piaue,20,Cerrado,7.0
-14.298753871915672,-47.90158454733253,im_0000116480-0000139776_42_s2_20m_og.tif,Goits,20,Cerrado,7.0
-16.028819277601464,-48.33717762860208,im_0000139776-0000139776_72_s2_20m_og.tif,Goits,20,Cerrado,7.0
-14.144513137632348,-49.565983105749176,im_0000116480-0000116480_14_s2_20m_og.tif,Goits,20,Cerrado,7.0
-17.45058287777743,-50.76505434699192,im_0000163072-0000116480_52_s2_20m_og.tif,Goits,20,Cerrado,7.0
-15.233361093513622,-49.178899049822085,im_0000139776-0000116480_21_s2_20m_og.tif,Goits,20,Cerrado,7.0
-17.905579569183963,-51.51020687516905,im_0000163072-0000093184_50_s2_20m_og.tif,Goits,20,Cerrado,7.0
-14.2178156648165,-50.41749616356608,im_0000116480-0000116480_55_s2_20m_og.tif,Goits,20,Cerrado,7.0
-15.30325002261812,-50.153121975449686,im_0000139776-0000116480_36_s2_20m_og.tif,Goits,20,Cerrado,7.0
-16.46638865249607,-52.0049989336621,im_0000139776-0000093184_17_s2_20m_og.tif,Goits,20,Cerrado,7.0
-15.318701045504975,-49.5420879191916,im_0000139776-0000116480_29_s2_20m_og.tif,Goits,20,Cerrado,7.0
-16.366675655958808,-49.29280542784843,im_0000139776-0000116480_54_s2_20m_og.tif,Goits,20,Cerrado,7.0
-17.5278379922117,-52.351479138746996,im_0000163072-0000093184_11_s2_20m_og.tif,Goits,20,Cerrado,7.0
-17.304696475636412,-49.94462299800557,im_0000163072-0000116480_68_s2_20m_og.tif,Goits,20,Cerrado,7.0
-15.756360251928008,-51.793805010365574,im_0000139776-0000093184_69_s2_20m_og.tif,Goits,20,Cerrado,7.0
-17.608416873197218,-52.33189586555318,im_0000163072-0000093184_31_s2_20m_og.tif,Goits,20,Cerrado,7.0
-14.659966447660134,-50.743764274758284,im_0000116480-0000116480_76_s2_20m_og.tif,Goits,20,Cerrado,7.0
-16.44231380288167,-48.85820049339141,im_0000139776-0000139776_12_s2_20m_og.tif,Goits,20,Cerrado,7.0
-17.833534683397573,-51.94418298892718,im_0000163072-0000093184_78_s2_20m_og.tif,Goits,20,Cerrado,7.0
-18.148843348123528,-49.924321072584455,im_0000163072-0000116480_8_s2_20m_og.tif,Goits,20,Cerrado,7.0
-13.589354292046485,-49.88371722174225,im_0000116480-0000116480_48_s2_20m_og.tif,Goits,20,Cerrado,7.0
-17.310715188040017,-53.06959237687214,im_0000163072-0000093184_59_s2_20m_og.tif,Goits,20,Cerrado,7.0
-17.427765669560785,-48.46455873589024,im_0000163072-0000139776_20_s2_20m_og.tif,Goits,20,Cerrado,7.0
-18.277032939167388,-52.74395308637881,im_0000163072-0000093184_76_s2_20m_og.tif,Goits,20,Cerrado,7.0
-18.221966212250848,-52.876005433144385,im_0000163072-0000093184_17_s2_20m_og.tif,Goits,20,Cerrado,7.0
-17.343054538268312,-48.24914273075837,im_0000163072-0000139776_66_s2_20m_og.tif,Goits,20,Cerrado,7.0
-16.757891962192865,-50.61359839008937,im_0000139776-0000116480_4_s2_20m_og.tif,Goits,20,Cerrado,7.0
-13.805399117877233,-47.07306836078909,im_0000116480-0000139776_60_s2_20m_og.tif,Goits,20,Cerrado,7.0
-18.050208329927198,-51.46969285585526,im_0000163072-0000093184_62_s2_20m_og.tif,Goits,20,Cerrado,7.0
-14.994858385579887,-48.02231812151821,im_0000139776-0000139776_17_s2_20m_og.tif,Goits,20,Cerrado,7.0
-16.732200145067047,-48.272139602031835,im_0000139776-0000139776_39_s2_20m_og.tif,Goits,20,Cerrado,7.0
-13.427208383262913,-47.36978189913378,im_0000116480-0000139776_68_s2_20m_og.tif,Goits,20,Cerrado,7.0
-17.11506211915878,-51.31832673048112,im_0000163072-0000093184_30_s2_20m_og.tif,Goits,20,Cerrado,7.0
-18.575722771137126,-52.25473058264731,im_0000163072-0000093184_14_s2_20m_og.tif,Goits,20,Cerrado,7.0
-16.98534539213192,-48.86439886885182,im_0000163072-0000139776_51_s2_20m_og.tif,Goits,20,Cerrado,7.0
-14.262911092079305,-48.81517119128208,im_0000116480-0000139776_40_s2_20m_og.tif,Goits,20,Cerrado,7.0
-13.578215182523403,-49.978669147273685,im_0000116480-0000116480_31_s2_20m_og.tif,Goits,20,Cerrado,7.0
-15.277917531605954,-51.51811204966929,im_0000139776-0000093184_22_s2_20m_og.tif,Goits,20,Cerrado,7.0
-17.334610374597595,-49.988011626228534,im_0000163072-0000116480_27_s2_20m_og.tif,Goits,20,Cerrado,7.0
-15.382481430677464,-49.27465945910922,im_0000139776-0000116480_57_s2_20m_og.tif,Goits,20,Cerrado,7.0
-17.521998942864926,-49.165334489031856,im_0000163072-0000116480_25_s2_20m_og.tif,Goits,20,Cerrado,7.0
-17.32805267302352,-49.20638749751614,im_0000163072-0000116480_15_s2_20m_og.tif,Goits,20,Cerrado,7.0
-15.684315366141622,-47.082680334329176,im_0000139776-0000139776_8_s2_20m_og.tif,Goits,20,Cerrado,7.0
-15.932969036785902,-48.964471191502746,im_0000139776-0000139776_69_s2_20m_og.tif,Goits,20,Cerrado,7.0
-17.815029388544712,-49.68986078342925,im_0000163072-0000116480_76_s2_20m_og.tif,Goits,20,Cerrado,7.0
-17.18117812406998,-52.185470474241704,im_0000163072-0000093184_79_s2_20m_og.tif,Goits,20,Cerrado,7.0
-17.40809256483857,-47.57414862627096,im_0000163072-0000139776_7_s2_20m_og.tif,Goits,20,Cerrado,7.0
-13.06824159572875,-46.43274922626871,im_0000116480-0000163072_9_s2_20m_og.tif,Goits,20,Cerrado,7.0
-18.92642505805739,-51.19453888432946,im_0000163072-0000116480_39_s2_20m_og.tif,Goits,20,Cerrado,7.0
-14.325882993496082,-46.41954399159215,im_0000116480-0000163072_56_s2_20m_og.tif,Goits,20,Cerrado,7.0
-16.768402251017054,-52.22706247189643,im_0000139776-0000093184_50_s2_20m_og.tif,Goits,20,Cerrado,7.0
-17.90899316726361,-48.07594754398014,im_0000163072-0000139776_62_s2_20m_og.tif,Goits,20,Cerrado,7.0
-14.010125171128069,-46.28210175312185,im_0000116480-0000163072_30_s2_20m_og.tif,Goits,20,Cerrado,7.0
-17.912496596871677,-47.63586288628997,im_0000163072-0000139776_52_s2_20m_og.tif,Goits,20,Cerrado,7.0
-18.409085285932946,-50.783200315731115,im_0000163072-0000116480_74_s2_20m_og.tif,Goits,20,Cerrado,7.0
-16.4966618775709,-52.20568256813439,im_0000139776-0000093184_24_s2_20m_og.tif,Goits,20,Cerrado,7.0
-16.19195333319756,-47.548097483031505,im_0000139776-0000139776_23_s2_20m_og.tif,Goits,20,Cerrado,7.0
-15.878620962096678,-50.59383545383872,im_0000139776-0000116480_74_s2_20m_og.tif,Goits,20,Cerrado,7.0
-16.726091601135032,-52.01146680370773,im_0000139776-0000093184_47_s2_20m_og.tif,Goits,20,Cerrado,7.0
-13.563392980335431,-46.44793075457032,im_0000116480-0000163072_42_s2_20m_og.tif,Goits,20,Cerrado,7.0
-17.457949063107208,-52.88319195541733,im_0000163072-0000093184_71_s2_20m_og.tif,Goits,20,Cerrado,7.0
-17.451660856118366,-50.981189004351066,im_0000163072-0000116480_38_s2_20m_og.tif,Goits,20,Cerrado,7.0
-14.194728962014633,-47.209522452446855,im_0000116480-0000139776_38_s2_20m_og.tif,Goits,20,Cerrado,7.0
-16.384282635527555,-51.29461120698036,im_0000139776-0000093184_51_s2_20m_og.tif,Goits,20,Cerrado,7.0
-6.012963185782441,-44.55086853756672,im_0000023296-0000186368_72_s2_20m_og.tif,Maranhto,20,Cerrado,7.0
-5.894655062863902,-46.49643977991278,im_0000023296-0000163072_64_s2_20m_og.tif,Maranhto,20,Cerrado,7.0
-6.793868662267539,-45.50990993489272,im_0000046592-0000163072_74_s2_20m_og.tif,Maranhto,20,Cerrado,7.0
-9.757590447634666,-46.48664814331586,im_0000069888-0000163072_8_s2_20m_og.tif,Maranhto,20,Cerrado,7.0
-7.030484908104622,-44.6334237121773,im_0000046592-0000186368_66_s2_20m_og.tif,Maranhto,20,Cerrado,7.0
-7.256231539003857,-44.96400373673328,im_0000046592-0000163072_1_s2_20m_og.tif,Maranhto,20,Cerrado,7.0
-9.182219508156114,-46.6731383962991,im_0000069888-0000163072_24_s2_20m_og.tif,Maranhto,20,Cerrado,7.0
-9.24644905097066,-45.9126246767635,im_0000069888-0000163072_10_s2_20m_og.tif,Maranhto,20,Cerrado,7.0
-7.285696280322977,-45.94415554323609,im_0000046592-0000163072_61_s2_20m_og.tif,Maranhto,20,Cerrado,7.0
-6.109891404938939,-45.00514657674596,im_0000023296-0000163072_69_s2_20m_og.tif,Maranhto,20,Cerrado,7.0
-6.161724196832633,-46.0847418852008,im_0000023296-0000163072_73_s2_20m_og.tif,Maranhto,20,Cerrado,7.0
-7.859989241460589,-46.497068600611655,im_0000046592-0000163072_48_s2_20m_og.tif,Maranhto,20,Cerrado,7.0
-5.299970344776776,-45.794406385373364,im_0000023296-0000163072_27_s2_20m_og.tif,Maranhto,20,Cerrado,7.0
-5.948643811439482,-44.47208628714944,im_0000023296-0000186368_5_s2_20m_og.tif,Maranhto,20,Cerrado,7.0
-9.187789062917654,-46.23547918987605,im_0000069888-0000163072_50_s2_20m_og.tif,Maranhto,20,Cerrado,7.0
-7.620498386714324,-47.20071896266248,im_0000046592-0000139776_10_s2_20m_og.tif,Maranhto,20,Cerrado,7.0
-6.814080756160231,-45.115190199050595,im_0000046592-0000163072_14_s2_20m_og.tif,Maranhto,20,Cerrado,7.0
-8.676557834725234,-46.035065049988994,im_0000069888-0000163072_35_s2_20m_og.tif,Maranhto,20,Cerrado,7.0
-7.839417821454253,-46.14977991177105,im_0000046592-0000163072_58_s2_20m_og.tif,Maranhto,20,Cerrado,7.0
-6.616541225182347,-45.724697119325704,im_0000046592-0000163072_54_s2_20m_og.tif,Maranhto,20,Cerrado,7.0
-5.761884063871036,-45.86815807019958,im_0000023296-0000163072_58_s2_20m_og.tif,Maranhto,20,Cerrado,7.0
-9.188238220559713,-46.84067419678738,im_0000069888-0000163072_66_s2_20m_og.tif,Maranhto,20,Cerrado,7.0
-7.297015052902883,-45.969038876606206,im_0000046592-0000163072_42_s2_20m_og.tif,Maranhto,20,Cerrado,7.0
-7.237097423452113,-45.644297901396996,im_0000046592-0000163072_47_s2_20m_og.tif,Maranhto,20,Cerrado,7.0
-8.930960723187884,-46.78830241572321,im_0000069888-0000163072_25_s2_20m_og.tif,Maranhto,20,Cerrado,7.0
-6.3686960382937725,-44.09129043821115,im_0000023296-0000186368_51_s2_20m_og.tif,Maranhto,20,Cerrado,7.0
-23.624793657059307,-48.53049507774461,im_0000232960-0000139776_46_s2_20m_og.tif,Suo Paulo,20,Cerrado,7.0
-22.744804004735823,-48.074779734110784,im_0000209664-0000139776_6_s2_20m_og.tif,Suo Paulo,20,Cerrado,7.0
-20.550129934103428,-48.58987371802489,im_0000186368-0000139776_25_s2_20m_og.tif,Suo Paulo,20,Cerrado,7.0
-20.139060860090325,-49.82137414102435,im_0000186368-0000116480_54_s2_20m_og.tif,Suo Paulo,20,Cerrado,7.0
-20.280455685810736,-47.83151595517121,im_0000186368-0000139776_1_s2_20m_og.tif,Suo Paulo,20,Cerrado,7.0
-21.814149370387998,-48.52465602839781,im_0000209664-0000139776_3_s2_20m_og.tif,Suo Paulo,20,Cerrado,7.0
-22.175092451547233,-48.07468990258237,im_0000209664-0000139776_25_s2_20m_og.tif,Suo Paulo,20,Cerrado,7.0
-22.534328733666612,-49.200817942754604,im_0000209664-0000116480_9_s2_20m_og.tif,Suo Paulo,20,Cerrado,7.0
-22.17814672351323,-47.823071791500475,im_0000209664-0000139776_55_s2_20m_og.tif,Suo Paulo,20,Cerrado,7.0
-20.519407551386532,-48.20710157546158,im_0000186368-0000139776_77_s2_20m_og.tif,Suo Paulo,20,Cerrado,7.0
-22.75342783146337,-48.550527508580466,im_0000209664-0000139776_46_s2_20m_og.tif,Suo Paulo,20,Cerrado,7.0
-22.20249106771287,-47.85837558216637,im_0000209664-0000139776_16_s2_20m_og.tif,Suo Paulo,20,Cerrado,7.0
-24.058590107760626,-49.40015410430071,im_0000232960-0000116480_75_s2_20m_og.tif,Suo Paulo,20,Cerrado,7.0
-20.570611522581352,-49.662372335735206,im_0000186368-0000116480_8_s2_20m_og.tif,Suo Paulo,20,Cerrado,7.0
-23.68947235751591,-49.165424320560284,im_0000232960-0000116480_46_s2_20m_og.tif,Suo Paulo,20,Cerrado,7.0
-23.974867123280696,-49.21456216660161,im_0000232960-0000116480_18_s2_20m_og.tif,Suo Paulo,20,Cerrado,7.0
-22.816040406766504,-48.34687943367058,im_0000209664-0000139776_79_s2_20m_og.tif,Suo Paulo,20,Cerrado,7.0
-22.833557554806827,-49.38569122822639,im_0000209664-0000116480_66_s2_20m_og.tif,Suo Paulo,20,Cerrado,7.0
-11.768020053494153,-46.19640247501685,im_0000093184-0000163072_43_s2_20m_og.tif,Bahia,20,Cerrado,7.0
-10.577752302035787,-46.008385086050644,im_0000069888-0000163072_30_s2_20m_og.tif,Bahia,20,Cerrado,7.0
-12.674689669755988,-45.178880752694674,im_0000093184-0000163072_22_s2_20m_og.tif,Bahia,20,Cerrado,7.0
-11.353447549872994,-44.33221859741202,im_0000093184-0000186368_43_s2_20m_og.tif,Bahia,20,Cerrado,7.0
-10.806283710315798,-46.04323971907448,im_0000093184-0000163072_58_s2_20m_og.tif,Bahia,20,Cerrado,7.0
-11.483433771485092,-45.59228544644647,im_0000093184-0000163072_53_s2_20m_og.tif,Bahia,20,Cerrado,7.0
-13.869987986805425,-44.7950306317904,im_0000116480-0000186368_28_s2_20m_og.tif,Bahia,20,Cerrado,7.0
-12.291378538022187,-45.21220824973551,im_0000093184-0000163072_49_s2_20m_og.tif,Bahia,20,Cerrado,7.0
-13.095730043422805,-45.2617054218905,im_0000116480-0000163072_0_s2_20m_og.tif,Bahia,20,Cerrado,7.0
-10.820477091804884,-45.580158190110865,im_0000093184-0000163072_35_s2_20m_og.tif,Bahia,20,Cerrado,7.0
-13.548930104261107,-45.42645644499801,im_0000116480-0000163072_32_s2_20m_og.tif,Bahia,20,Cerrado,7.0
-12.969157419890369,-45.725595434609794,im_0000116480-0000163072_20_s2_20m_og.tif,Bahia,20,Cerrado,7.0
-11.081168187256367,-44.694868477611074,im_0000093184-0000186368_62_s2_20m_og.tif,Bahia,20,Cerrado,7.0
-12.483887503409006,-43.34254464889754,im_0000093184-0000186368_2_s2_20m_og.tif,Bahia,20,Cerrado,7.0
-14.145680947501704,-45.88324976697278,im_0000116480-0000163072_41_s2_20m_og.tif,Bahia,20,Cerrado,7.0
-10.58296253068368,-45.82054736014125,im_0000069888-0000163072_78_s2_20m_og.tif,Bahia,20,Cerrado,7.0
-13.604445988819695,-45.69056113852915,im_0000116480-0000163072_23_s2_20m_og.tif,Bahia,20,Cerrado,7.0
-12.618634796026928,-43.69136047372116,im_0000093184-0000186368_69_s2_20m_og.tif,Bahia,20,Cerrado,7.0
-10.756247548990338,-45.5713547003265,im_0000093184-0000163072_26_s2_20m_og.tif,Bahia,20,Cerrado,7.0
-14.042105195242724,-44.89115036719119,im_0000116480-0000186368_12_s2_20m_og.tif,Bahia,20,Cerrado,7.0
-11.702083711639785,-44.22855301362464,im_0000093184-0000186368_33_s2_20m_og.tif,Bahia,20,Cerrado,7.0
-13.365943280885967,-46.04207190920511,im_0000116480-0000163072_29_s2_20m_og.tif,Bahia,20,Cerrado,7.0
-11.956576431630845,-43.550594468699636,im_0000093184-0000186368_73_s2_20m_og.tif,Bahia,20,Cerrado,7.0
-12.310602485102345,-46.097587793763715,im_0000093184-0000163072_29_s2_20m_og.tif,Bahia,20,Cerrado,7.0
-11.410490570414586,-45.3038364087157,im_0000093184-0000163072_71_s2_20m_og.tif,Bahia,20,Cerrado,7.0
-11.70432949985008,-46.272310116524956,im_0000093184-0000163072_59_s2_20m_og.tif,Bahia,20,Cerrado,7.0
-24.661000337291174,-50.27619116937407,im_0000232960-0000116480_5_s2_20m_og.tif,ParanO,20,Cerrado,7.0
-24.65174768986474,-50.27286740282282,im_0000232960-0000116480_24_s2_20m_og.tif,ParanO,20,Cerrado,7.0
-24.09380406689811,-49.966721553994894,im_0000232960-0000116480_37_s2_20m_og.tif,ParanO,20,Cerrado,7.0
-17.196359652371598,-42.317387246660346,im_0000163072-0000209664_69_s2_20m_og.tif,Minas Gerais,63,Bahia interior forests,1.0
-15.44491434292377,-42.20482834156017,im_0000139776-0000209664_24_s2_20m_og.tif,Minas Gerais,63,Bahia interior forests,1.0
-20.038359716740533,-45.07332870681061,im_0000186368-0000163072_67_s2_20m_og.tif,Minas Gerais,63,Bahia interior forests,1.0
-19.826806467330385,-43.381531532228344,im_0000186368-0000186368_34_s2_20m_og.tif,Minas Gerais,63,Bahia interior forests,1.0
-17.751608329485872,-42.68991859498472,im_0000163072-0000209664_73_s2_20m_og.tif,Minas Gerais,63,Bahia interior forests,1.0
-15.438356641349698,-43.39841985956978,im_0000139776-0000186368_24_s2_20m_og.tif,Minas Gerais,43,Atlantic dry forests,2.0
-15.329840155028059,-44.055627321431615,im_0000139776-0000186368_52_s2_20m_og.tif,Minas Gerais,43,Atlantic dry forests,2.0
-16.47276669101333,-43.603325575877456,im_0000139776-0000186368_41_s2_20m_og.tif,Minas Gerais,43,Atlantic dry forests,2.0
-15.660420179584046,-44.61599639566538,im_0000139776-0000186368_29_s2_20m_og.tif,Minas Gerais,43,Atlantic dry forests,2.0
-15.446890636548831,-43.814429667645534,im_0000139776-0000186368_74_s2_20m_og.tif,Minas Gerais,43,Atlantic dry forests,2.0
-14.813398698187745,-43.70465553992614,im_0000116480-0000186368_20_s2_20m_og.tif,Minas Gerais,43,Atlantic dry forests,2.0
-9.709710242991095,-44.27769085966597,im_0000069888-0000186368_41_s2_20m_og.tif,Piaue,43,Atlantic dry forests,2.0
-10.343831002051065,-43.944954878428106,im_0000069888-0000186368_62_s2_20m_og.tif,Piaue,43,Atlantic dry forests,2.0
-11.586650197630426,-43.33598694732348,im_0000093184-0000186368_12_s2_20m_og.tif,Bahia,43,Atlantic dry forests,2.0
-10.301700015225858,-43.72864055801212,im_0000069888-0000186368_61_s2_20m_og.tif,Bahia,43,Atlantic dry forests,2.0
-13.450834075235255,-43.531999342318365,im_0000116480-0000186368_41_s2_20m_og.tif,Bahia,43,Atlantic dry forests,2.0
-12.959455614821875,-43.56640481770013,im_0000116480-0000186368_10_s2_20m_og.tif,Bahia,43,Atlantic dry forests,2.0
-13.49889394293565,-43.440820340980224,im_0000116480-0000186368_54_s2_20m_og.tif,Bahia,43,Atlantic dry forests,2.0
-13.469878359258587,-43.46687148421967,im_0000116480-0000186368_1_s2_20m_og.tif,Bahia,43,Atlantic dry forests,2.0
-12.249247551196985,-43.92007154505797,im_0000093184-0000186368_4_s2_20m_og.tif,Bahia,43,Atlantic dry forests,2.0
-18.567458270523225,-48.80295410341807,im_0000163072-0000139776_1_s2_20m_og.tif,Minas Gerais,24,Alto ParanÃ¡ Atlantic forests,1.0
-22.102598408118784,-52.72023756287805,im_0000209664-0000093184_34_s2_20m_og.tif,Mato Grosso do Sul,24,Alto ParanÃ¡ Atlantic forests,1.0
-22.680754124978105,-55.468453511584904,im_0000209664-0000046592_35_s2_20m_og.tif,Mato Grosso do Sul,24,Alto ParanÃ¡ Atlantic forests,1.0
-18.597551832541228,-49.729027329816866,im_0000163072-0000116480_62_s2_20m_og.tif,Goits,24,Alto ParanÃ¡ Atlantic forests,1.0
-20.70472999450039,-48.9927681229525,im_0000186368-0000139776_78_s2_20m_og.tif,Suo Paulo,24,Alto ParanÃ¡ Atlantic forests,1.0
-21.345588118191248,-49.05160777406235,im_0000209664-0000139776_9_s2_20m_og.tif,Suo Paulo,24,Alto ParanÃ¡ Atlantic forests,1.0
-20.689278971613533,-49.898719086987036,im_0000186368-0000116480_69_s2_20m_og.tif,Suo Paulo,24,Alto ParanÃ¡ Atlantic forests,1.0
-22.35960641090537,-49.29954279247932,im_0000209664-0000116480_68_s2_20m_og.tif,Suo Paulo,24,Alto ParanÃ¡ Atlantic forests,1.0
-19.22304876487365,-43.65524819929957,im_0000186368-0000186368_6_s2_20m_og.tif,Minas Gerais,81,Bahia interior forests,1.0
-17.754572769923467,-43.71543532333557,im_0000163072-0000186368_17_s2_20m_og.tif,Minas Gerais,81,Bahia interior forests,1.0
-15.88437017991504,-42.65093171165393,im_0000139776-0000209664_66_s2_20m_og.tif,Minas Gerais,70,Bahia interior forests,1.0
-15.404400323609982,-42.624880568414454,im_0000139776-0000209664_27_s2_20m_og.tif,Minas Gerais,70,Bahia interior forests,1.0
-17.37925664421833,-57.575631673544045,im_0000163072-0000023296_56_s2_20m_og.tif,Mato Grosso,77,Pantanal,9.0
-16.74414773834583,-56.6769570633109,im_0000139776-0000046592_42_s2_20m_og.tif,Mato Grosso,77,Pantanal,9.0
-17.646505441243892,-57.03628317695871,im_0000163072-0000046592_42_s2_20m_og.tif,Mato Grosso,77,Pantanal,9.0
-17.07930917085082,-55.859040997120076,im_0000163072-0000046592_16_s2_20m_og.tif,Mato Grosso,77,Pantanal,9.0
-16.605268195420955,-57.84458726960945,im_0000139776-0000023296_24_s2_20m_og.tif,Mato Grosso,77,Pantanal,9.0
-17.38096344325816,-57.77838143316986,im_0000163072-0000023296_23_s2_20m_og.tif,Mato Grosso,77,Pantanal,9.0
-17.063947979492387,-57.10302800256879,im_0000163072-0000046592_12_s2_20m_og.tif,Mato Grosso,77,Pantanal,9.0
-16.30639870039439,-56.77631073373452,im_0000139776-0000046592_52_s2_20m_og.tif,Mato Grosso,77,Pantanal,9.0
-17.136262359864,-57.36282078273615,im_0000163072-0000046592_60_s2_20m_og.tif,Mato Grosso,77,Pantanal,9.0
-16.74558504280043,-56.463697014860905,im_0000139776-0000046592_71_s2_20m_og.tif,Mato Grosso,77,Pantanal,9.0
-16.338738050622695,-55.86056813310307,im_0000139776-0000046592_2_s2_20m_og.tif,Mato Grosso,77,Pantanal,9.0
-16.23327583626706,-56.378896052040034,im_0000139776-0000046592_40_s2_20m_og.tif,Mato Grosso,77,Pantanal,9.0
-16.899196956384866,-55.08720850500457,im_0000139776-0000069888_23_s2_20m_og.tif,Mato Grosso,77,Pantanal,9.0
-16.271903393484198,-55.95138780832757,im_0000139776-0000046592_74_s2_20m_og.tif,Mato Grosso,77,Pantanal,9.0
-16.276933959075276,-55.85383076847218,im_0000139776-0000046592_70_s2_20m_og.tif,Mato Grosso,77,Pantanal,9.0
-13.315996951088914,-54.33774406346365,im_0000116480-0000069888_48_s2_20m_og.tif,Mato Grosso,31,Mato Grosso seasonal forests,1.0
-11.972117286046107,-53.946348094172784,im_0000093184-0000069888_49_s2_20m_og.tif,Mato Grosso,31,Mato Grosso seasonal forests,1.0
-11.045055912834764,-57.28358937467681,im_0000093184-0000046592_76_s2_20m_og.tif,Mato Grosso,31,Mato Grosso seasonal forests,1.0
-12.411842617622616,-55.143083715676816,im_0000093184-0000069888_52_s2_20m_og.tif,Mato Grosso,31,Mato Grosso seasonal forests,1.0
-10.587454107104278,-53.37816367696719,im_0000069888-0000069888_56_s2_20m_og.tif,Mato Grosso,31,Mato Grosso seasonal forests,1.0
-11.771523483102222,-52.0832421949089,im_0000093184-0000093184_14_s2_20m_og.tif,Mato Grosso,31,Mato Grosso seasonal forests,1.0
-11.318323422263925,-54.704795688554896,im_0000093184-0000069888_30_s2_20m_og.tif,Mato Grosso,31,Mato Grosso seasonal forests,1.0
-13.018834255102176,-54.75249623014165,im_0000116480-0000069888_9_s2_20m_og.tif,Mato Grosso,31,Mato Grosso seasonal forests,1.0
-11.58323659955077,-57.87908257651964,im_0000093184-0000023296_68_s2_20m_og.tif,Mato Grosso,31,Mato Grosso seasonal forests,1.0
-12.18789261729162,-53.9644042313836,im_0000093184-0000069888_20_s2_20m_og.tif,Mato Grosso,31,Mato Grosso seasonal forests,1.0
-12.539762714081235,-54.751597914857534,im_0000093184-0000069888_15_s2_20m_og.tif,Mato Grosso,31,Mato Grosso seasonal forests,1.0
-11.593746888374968,-56.55864894039236,im_0000093184-0000046592_24_s2_20m_og.tif,Mato Grosso,31,Mato Grosso seasonal forests,1.0
-12.721042738416555,-52.51730814019545,im_0000093184-0000093184_21_s2_20m_og.tif,Mato Grosso,31,Mato Grosso seasonal forests,1.0
-13.060605915813735,-56.965765427155326,im_0000116480-0000046592_44_s2_20m_og.tif,Mato Grosso,31,Mato Grosso seasonal forests,1.0
-11.87177546880996,-56.021456400488894,im_0000093184-0000046592_29_s2_20m_og.tif,Mato Grosso,31,Mato Grosso seasonal forests,1.0
-11.855156636053753,-51.25993623701335,im_0000093184-0000093184_40_s2_20m_og.tif,Mato Grosso,31,Mato Grosso seasonal forests,1.0
-12.340246889478292,-51.538863132732466,im_0000093184-0000093184_64_s2_20m_og.tif,Mato Grosso,31,Mato Grosso seasonal forests,1.0
-12.9806558555271,-56.30819863917982,im_0000116480-0000046592_67_s2_20m_og.tif,Mato Grosso,31,Mato Grosso seasonal forests,1.0
-13.048748154063356,-53.72132011550085,im_0000116480-0000069888_63_s2_20m_og.tif,Mato Grosso,31,Mato Grosso seasonal forests,1.0
-11.920284494152416,-54.78591355871089,im_0000093184-0000069888_5_s2_20m_og.tif,Mato Grosso,31,Mato Grosso seasonal forests,1.0
-10.893420292875383,-52.658882628972684,im_0000093184-0000093184_24_s2_20m_og.tif,Mato Grosso,31,Mato Grosso seasonal forests,1.0
-11.743765540822928,-55.0213619946786,im_0000093184-0000069888_55_s2_20m_og.tif,Mato Grosso,31,Mato Grosso seasonal forests,1.0
-10.7213929159665,-54.36316638600424,im_0000093184-0000069888_29_s2_20m_og.tif,Mato Grosso,31,Mato Grosso seasonal forests,1.0
-12.790752004464233,-55.24495266889596,im_0000116480-0000069888_58_s2_20m_og.tif,Mato Grosso,31,Mato Grosso seasonal forests,1.0
-10.420636958843284,-52.95361987369229,im_0000069888-0000093184_69_s2_20m_og.tif,Mato Grosso,31,Mato Grosso seasonal forests,1.0
-12.676396468795815,-53.904486601932824,im_0000093184-0000069888_69_s2_20m_og.tif,Mato Grosso,31,Mato Grosso seasonal forests,1.0
-12.153846468023493,-55.56672920366757,im_0000093184-0000046592_59_s2_20m_og.tif,Mato Grosso,31,Mato Grosso seasonal forests,1.0
-12.286168309374295,-52.369894602071426,im_0000093184-0000093184_18_s2_20m_og.tif,Mato Grosso,31,Mato Grosso seasonal forests,1.0
-11.345003386202276,-53.87062011572149,im_0000093184-0000069888_66_s2_20m_og.tif,Mato Grosso,31,Mato Grosso seasonal forests,1.0
-10.824250015998182,-53.35328034359708,im_0000093184-0000069888_71_s2_20m_og.tif,Mato Grosso,31,Mato Grosso seasonal forests,1.0
-11.099224324467173,-55.79885387308407,im_0000093184-0000046592_22_s2_20m_og.tif,Mato Grosso,31,Mato Grosso seasonal forests,1.0
-12.619263616725814,-54.041749177346276,im_0000093184-0000069888_68_s2_20m_og.tif,Mato Grosso,31,Mato Grosso seasonal forests,1.0
-9.536784550798089,-56.20776699041528,im_0000069888-0000046592_29_s2_20m_og.tif,Mato Grosso,31,Mato Grosso seasonal forests,1.0
-12.074974386077795,-54.40152444863614,im_0000093184-0000069888_43_s2_20m_og.tif,Mato Grosso,31,Mato Grosso seasonal forests,1.0
-12.19013840550192,-54.14810970698603,im_0000093184-0000069888_46_s2_20m_og.tif,Mato Grosso,31,Mato Grosso seasonal forests,1.0
-10.636502121617207,-56.625842923644505,im_0000069888-0000046592_60_s2_20m_og.tif,Mato Grosso,31,Mato Grosso seasonal forests,1.0
-13.314559646634324,-54.70039394366272,im_0000116480-0000069888_4_s2_20m_og.tif,Mato Grosso,31,Mato Grosso seasonal forests,1.0
-10.817692314424114,-52.41804430130024,im_0000093184-0000093184_67_s2_20m_og.tif,Mato Grosso,31,Mato Grosso seasonal forests,1.0
-11.644322038870895,-53.85301313615278,im_0000093184-0000069888_36_s2_20m_og.tif,Mato Grosso,31,Mato Grosso seasonal forests,1.0
-12.284012352692411,-54.56420934659018,im_0000093184-0000069888_77_s2_20m_og.tif,Mato Grosso,31,Mato Grosso seasonal forests,1.0
-11.957564578443375,-54.239917529023046,im_0000093184-0000069888_1_s2_20m_og.tif,Mato Grosso,31,Mato Grosso seasonal forests,1.0
-13.062133051796739,-53.060609224030934,im_0000116480-0000093184_67_s2_20m_og.tif,Mato Grosso,31,Mato Grosso seasonal forests,1.0
-11.048110184800773,-58.15217042289197,im_0000093184-0000023296_74_s2_20m_og.tif,Mato Grosso,31,Mato Grosso seasonal forests,1.0
-10.392699353507169,-57.85249244410971,im_0000069888-0000023296_59_s2_20m_og.tif,Mato Grosso,31,Mato Grosso seasonal forests,1.0
-11.04298978768129,-53.746203448870965,im_0000093184-0000069888_32_s2_20m_og.tif,Mato Grosso,31,Mato Grosso seasonal forests,1.0
-12.052875830088455,-51.78814562407564,im_0000093184-0000093184_23_s2_20m_og.tif,Mato Grosso,31,Mato Grosso seasonal forests,1.0
-11.366383289964313,-51.56455494985829,im_0000093184-0000093184_63_s2_20m_og.tif,Mato Grosso,31,Mato Grosso seasonal forests,1.0
-11.653035697126857,-56.409169277114856,im_0000093184-0000046592_67_s2_20m_og.tif,Mato Grosso,31,Mato Grosso seasonal forests,1.0
-12.016224566496374,-56.03591927656321,im_0000093184-0000046592_9_s2_20m_og.tif,Mato Grosso,31,Mato Grosso seasonal forests,1.0
-10.440310063565502,-57.171210132633455,im_0000069888-0000046592_12_s2_20m_og.tif,Mato Grosso,31,Mato Grosso seasonal forests,1.0
-9.82963533342105,-60.568099548003026,im_0000069888-0000000000_54_s2_20m_og.tif,Mato Grosso,11,Madeira-TapajÃ³s moist forests,1.0
-10.311850977936412,-56.0065443667725,im_0000069888-0000046592_31_s2_20m_og.tif,Mato Grosso,11,Madeira-TapajÃ³s moist forests,1.0
-10.426206513604825,-59.03548384176671,im_0000069888-0000023296_18_s2_20m_og.tif,Mato Grosso,11,Madeira-TapajÃ³s moist forests,1.0
-10.329457957505154,-54.577055255153105,im_0000069888-0000069888_68_s2_20m_og.tif,Mato Grosso,11,Madeira-TapajÃ³s moist forests,1.0
-10.131648931942037,-61.49929317152133,im_0000069888-0000000000_60_s2_20m_og.tif,Mato Grosso,11,Madeira-TapajÃ³s moist forests,1.0
-11.205944180220573,-57.83021422506354,im_0000093184-0000023296_33_s2_20m_og.tif,Mato Grosso,11,Madeira-TapajÃ³s moist forests,1.0
-8.979469748530338,-61.488243893526636,im_0000069888-0000000000_18_s2_20m_og.tif,Mato Grosso,11,Madeira-TapajÃ³s moist forests,1.0
-10.158418727408797,-54.711982210827856,im_0000069888-0000069888_8_s2_20m_og.tif,Mato Grosso,11,Madeira-TapajÃ³s moist forests,1.0
-8.531479916339931,-57.82572264864294,im_0000046592-0000023296_18_s2_20m_og.tif,Mato Grosso,11,Madeira-TapajÃ³s moist forests,1.0
-8.926828472880931,-60.963178609958774,im_0000069888-0000000000_30_s2_20m_og.tif,Mato Grosso,11,Madeira-TapajÃ³s moist forests,1.0
-11.032479498857093,-60.09953829580628,im_0000093184-0000000000_25_s2_20m_og.tif,Mato Grosso,11,Madeira-TapajÃ³s moist forests,1.0
-10.874914998022527,-60.52156681628563,im_0000093184-0000000000_76_s2_20m_og.tif,Mato Grosso,11,Madeira-TapajÃ³s moist forests,1.0
-8.996897065042257,-60.18056633443385,im_0000069888-0000000000_9_s2_20m_og.tif,Mato Grosso,11,Madeira-TapajÃ³s moist forests,1.0
-9.249593154465076,-57.7697576064423,im_0000069888-0000023296_23_s2_20m_og.tif,Mato Grosso,11,Madeira-TapajÃ³s moist forests,1.0
-10.453155972128412,-58.71559376909174,im_0000069888-0000023296_54_s2_20m_og.tif,Mato Grosso,11,Madeira-TapajÃ³s moist forests,1.0
-7.9243086158035485,-57.84611440559246,im_0000046592-0000023296_36_s2_20m_og.tif,Mato Grosso,11,Madeira-TapajÃ³s moist forests,1.0
-9.34086198733162,-61.35044232894271,im_0000069888-0000000000_16_s2_20m_og.tif,Mato Grosso,11,Madeira-TapajÃ³s moist forests,1.0
-9.997350796966163,-56.343053272203655,im_0000069888-0000046592_36_s2_20m_og.tif,Mato Grosso,11,Madeira-TapajÃ³s moist forests,1.0
-11.024394661300015,-59.82977421598518,im_0000093184-0000000000_36_s2_20m_og.tif,Mato Grosso,11,Madeira-TapajÃ³s moist forests,1.0
-9.423237498885381,-61.19925586662539,im_0000069888-0000000000_12_s2_20m_og.tif,Mato Grosso,11,Madeira-TapajÃ³s moist forests,1.0
-11.105602362984419,-58.79868793287278,im_0000093184-0000023296_65_s2_20m_og.tif,Mato Grosso,11,Madeira-TapajÃ³s moist forests,1.0
-9.689947306740466,-57.57527234743043,im_0000069888-0000023296_19_s2_20m_og.tif,Mato Grosso,11,Madeira-TapajÃ³s moist forests,1.0
-9.391706632412783,-60.94323601065132,im_0000069888-0000000000_22_s2_20m_og.tif,Mato Grosso,11,Madeira-TapajÃ³s moist forests,1.0
-9.415511987441953,-61.1031361312246,im_0000069888-0000000000_65_s2_20m_og.tif,Mato Grosso,11,Madeira-TapajÃ³s moist forests,1.0
-10.063646464934187,-55.37269310229775,im_0000069888-0000069888_23_s2_20m_og.tif,Mato Grosso,11,Madeira-TapajÃ³s moist forests,1.0
-8.773575885410143,-59.31441073748582,im_0000069888-0000023296_0_s2_20m_og.tif,Amazonas,11,Madeira-TapajÃ³s moist forests,1.0
-8.76153846060294,-58.89983823386464,im_0000069888-0000023296_62_s2_20m_og.tif,Amazonas,11,Madeira-TapajÃ³s moist forests,1.0
-8.43437203412661,-57.62153558456258,im_0000046592-0000023296_19_s2_20m_og.tif,Part,11,Madeira-TapajÃ³s moist forests,1.0
-10.05601078501917,-57.9021692793215,im_0000069888-0000023296_51_s2_20m_og.tif,Mato Grosso,50,Mato Grosso seasonal forests,1.0
-10.020257836711213,-50.49573942481288,im_0000069888-0000116480_17_s2_20m_og.tif,Mato Grosso,10,Xingu-Tocantins-Araguaia moist forests,1.0
-14.97644292225544,-57.306496414421865,im_0000139776-0000046592_0_s2_20m_og.tif,Mato Grosso,64,Chiquitano dry forests,2.0
-15.018304414495411,-57.140487749916566,im_0000139776-0000046592_75_s2_20m_og.tif,Mato Grosso,64,Chiquitano dry forests,2.0
-13.717184556976695,-60.300132098750154,im_0000116480-0000000000_34_s2_20m_og.tif,Mato Grosso,64,Chiquitano dry forests,2.0
-14.402149961117829,-56.784126076706364,im_0000116480-0000046592_18_s2_20m_og.tif,Mato Grosso,64,Chiquitano dry forests,2.0
-14.342771320837526,-56.8160162692926,im_0000116480-0000046592_31_s2_20m_og.tif,Mato Grosso,64,Chiquitano dry forests,2.0
-15.15907041951694,-57.587579266822864,im_0000139776-0000023296_71_s2_20m_og.tif,Mato Grosso,64,Chiquitano dry forests,2.0
-15.031150323058322,-57.377642984924115,im_0000139776-0000046592_39_s2_20m_og.tif,Mato Grosso,64,Chiquitano dry forests,2.0
-13.571837144006155,-60.17481711661549,im_0000116480-0000000000_5_s2_20m_og.tif,Mato Grosso,64,Chiquitano dry forests,2.0
-13.083063797916724,-59.95850279619951,im_0000116480-0000000000_30_s2_20m_og.tif,Mato Grosso,64,Chiquitano dry forests,2.0
-13.44786963479766,-60.33750201456954,im_0000116480-0000000000_43_s2_20m_og.tif,Mato Grosso,64,Chiquitano dry forests,2.0
-15.409790215314695,-58.61444346809988,im_0000139776-0000023296_2_s2_20m_og.tif,Mato Grosso,64,Chiquitano dry forests,2.0
-14.280248577062807,-56.811704355928825,im_0000116480-0000046592_16_s2_20m_og.tif,Mato Grosso,64,Chiquitano dry forests,2.0
-13.065007660705922,-59.882056165520936,im_0000116480-0000000000_41_s2_20m_og.tif,Mato Grosso,64,Chiquitano dry forests,2.0
-14.621877879613464,-56.6829757757145,im_0000116480-0000046592_74_s2_20m_og.tif,Mato Grosso,64,Chiquitano dry forests,2.0
-14.99620585850607,-56.91851404321065,im_0000139776-0000046592_1_s2_20m_og.tif,Mato Grosso,64,Chiquitano dry forests,2.0
-11.047750858687122,-48.65536090223721,im_0000093184-0000139776_19_s2_20m_og.tif,Tocantins,28,Mato Grosso seasonal forests,1.0
-9.209618124321757,-49.315981962178725,im_0000069888-0000116480_22_s2_20m_og.tif,Tocantins,28,Mato Grosso seasonal forests,1.0
-7.7717746805600525,-48.29675344081671,im_0000046592-0000139776_41_s2_20m_og.tif,Tocantins,28,Mato Grosso seasonal forests,1.0
-10.245195983854742,-48.47291306803254,im_0000069888-0000139776_59_s2_20m_og.tif,Tocantins,28,Mato Grosso seasonal forests,1.0
-7.775457773224941,-48.3501133686934,im_0000046592-0000139776_4_s2_20m_og.tif,Tocantins,28,Mato Grosso seasonal forests,1.0
-9.567596765043387,-48.44793990313403,im_0000069888-0000139776_67_s2_20m_og.tif,Tocantins,28,Mato Grosso seasonal forests,1.0
-6.93193972143671,-48.449017881474965,im_0000046592-0000139776_24_s2_20m_og.tif,Tocantins,28,Mato Grosso seasonal forests,1.0
-9.727586717145076,-48.477224981396326,im_0000069888-0000139776_47_s2_20m_og.tif,Tocantins,28,Mato Grosso seasonal forests,1.0
-9.641168786812775,-49.87167979693504,im_0000069888-0000116480_9_s2_20m_og.tif,Tocantins,28,Mato Grosso seasonal forests,1.0
-10.774213854672725,-48.182847062790344,im_0000093184-0000139776_5_s2_20m_og.tif,Tocantins,28,Mato Grosso seasonal forests,1.0
-10.292627030856252,-48.65536090223721,im_0000069888-0000139776_25_s2_20m_og.tif,Tocantins,54,Cerrado,7.0
-5.114917396248156,-42.645541819949216,im_0000023296-0000209664_1_s2_20m_og.tif,Piaue,16,MaranhÃ£o BabaÃ§u forests,1.0
-4.315955782552253,-42.755226116140214,im_0000000000-0000209664_34_s2_20m_og.tif,Piaue,16,MaranhÃ£o BabaÃ§u forests,1.0
-4.133058790705517,-42.631168775403296,im_0000000000-0000209664_1_s2_20m_og.tif,Piaue,16,MaranhÃ£o BabaÃ§u forests,1.0
-5.525716975676012,-43.56460818713188,im_0000023296-0000186368_40_s2_20m_og.tif,Maranhto,16,MaranhÃ£o BabaÃ§u forests,1.0
-4.070715709987624,-43.48106486570879,im_0000000000-0000186368_10_s2_20m_og.tif,Maranhto,16,MaranhÃ£o BabaÃ§u forests,1.0
-4.7826305726523435,-43.39904868026865,im_0000023296-0000186368_48_s2_20m_og.tif,Maranhto,16,MaranhÃ£o BabaÃ§u forests,1.0
-3.8689540971743774,-43.385843445592116,im_0000000000-0000186368_5_s2_20m_og.tif,Maranhto,16,MaranhÃ£o BabaÃ§u forests,1.0
-4.747326781986448,-45.566503797792244,im_0000023296-0000163072_65_s2_20m_og.tif,Maranhto,16,MaranhÃ£o BabaÃ§u forests,1.0
-2.938389294354966,-41.862839712895884,im_0000000000-0000209664_7_s2_20m_og.tif,Maranhto,16,MaranhÃ£o BabaÃ§u forests,1.0
-4.274543447954343,-43.24759272336614,im_0000000000-0000186368_71_s2_20m_og.tif,Maranhto,16,MaranhÃ£o BabaÃ§u forests,1.0
-5.076289839031017,-43.78316829575817,im_0000023296-0000186368_35_s2_20m_og.tif,Maranhto,16,MaranhÃ£o BabaÃ§u forests,1.0
-3.6695281040998453,-43.44243730849165,im_0000000000-0000186368_39_s2_20m_og.tif,Maranhto,16,MaranhÃ£o BabaÃ§u forests,1.0
-3.5345113168966806,-43.4294117368719,im_0000000000-0000186368_59_s2_20m_og.tif,Maranhto,16,MaranhÃ£o BabaÃ§u forests,1.0
-3.0211241320223747,-44.059400245624936,im_0000000000-0000186368_51_s2_20m_og.tif,Maranhto,16,MaranhÃ£o BabaÃ§u forests,1.0
-5.11886998349828,-42.99525596005694,im_0000023296-0000186368_31_s2_20m_og.tif,Maranhto,16,MaranhÃ£o BabaÃ§u forests,1.0
-3.539452050959338,-43.52930439646599,im_0000000000-0000186368_73_s2_20m_og.tif,Maranhto,16,MaranhÃ£o BabaÃ§u forests,1.0
-4.820090320000128,-43.801314264497385,im_0000023296-0000186368_75_s2_20m_og.tif,Maranhto,16,MaranhÃ£o BabaÃ§u forests,1.0
-2.8508933856817253,-41.77516414116582,im_0000000000-0000209664_12_s2_20m_og.tif,Piaue,18,Northeastern Brazil restingas,1.0
-8.942638821881438,-43.62308851212808,im_0000069888-0000186368_67_s2_20m_og.tif,Piaue,33,Atlantic dry forests,2.0
-7.950539422099839,-43.644648078946936,im_0000046592-0000186368_74_s2_20m_og.tif,Piaue,33,Atlantic dry forests,2.0
-7.94434104663941,-43.864825155084645,im_0000046592-0000186368_65_s2_20m_og.tif,Piaue,34,Atlantic dry forests,2.0
-17.628808630146736,-51.0632950213196,im_0000163072-0000116480_57_s2_20m_og.tif,Goits,82,Alto ParanÃ¡ Atlantic forests,1.0
-16.40179978356788,-50.16614754706941,im_0000139776-0000116480_33_s2_20m_og.tif,Goits,76,Alto ParanÃ¡ Atlantic forests,1.0
-2.944677501343804,-43.54376727254032,im_0000000000-0000186368_25_s2_20m_og.tif,Maranhto,4,Northeastern Brazil restingas,1.0
-23.72055406634645,-48.75615187711543,im_0000232960-0000139776_56_s2_20m_og.tif,Suo Paulo,84,Alto ParanÃ¡ Atlantic forests,1.0
-23.085624823530768,-48.19416583537024,im_0000209664-0000139776_49_s2_20m_og.tif,Suo Paulo,84,Alto ParanÃ¡ Atlantic forests,1.0
-10.868626791033693,-43.042417512473214,im_0000093184-0000186368_49_s2_20m_og.tif,Bahia,47,Cerrado,7.0
-10.98127552766228,-44.74211986155576,im_0000093184-0000186368_54_s2_20m_og.tif,Bahia,60,Atlantic dry forests,2.0
-14.666613980762616,-42.58876829399286,im_0000116480-0000209664_68_s2_20m_og.tif,Bahia,19,Caatinga,13.0
